City_ID,City,Country,Date,Lat,Lng,Max Temp,Humidity,Cloudiness,Wind Speed
0,Vinh,VN,2022-01-27 17:05:38,18.6667,105.6667,69.71,90,12,1.57
1,Ribeira Grande,PT,2022-01-27 17:00:56,38.5167,-28.7,61.2,67,40,9.22
2,Pevek,RU,2022-01-27 17:05:38,69.7008,170.3133,-27.83,100,28,3.02
3,Karla,EE,2022-01-27 17:05:39,59.3723,24.9275,33.76,85,100,8.05
4,Hermanus,ZA,2022-01-27 17:05:39,-34.4187,19.2345,70.9,77,3,9.44
5,Hasaki,JP,2022-01-27 17:05:39,35.7333,140.8333,39.6,59,100,12.01
6,Mataura,NZ,2022-01-27 17:04:10,-46.1927,168.8643,40.48,94,98,2.13
7,Ushuaia,AR,2022-01-27 17:05:40,-54.8,-68.3,49.62,83,100,2.89
8,Porto Novo,BJ,2022-01-27 17:01:52,6.4965,2.6036,84.54,56,88,9.75
9,Norman Wells,CA,2022-01-27 17:05:40,65.282,-126.8329,-5.21,99,100,1.66
10,Columbus,US,2022-01-27 17:05:03,39.9612,-82.9988,29.7,61,100,1.01
11,Bengkulu,ID,2022-01-27 17:05:41,-3.8004,102.2655,77.56,86,100,3.29
12,Yellowknife,CA,2022-01-27 17:01:10,62.456,-114.3525,-14.37,96,30,4.74
13,Port Elizabeth,ZA,2022-01-27 17:05:27,-33.918,25.5701,71.1,85,30,11.3
14,Santarem,BR,2022-01-27 17:01:41,-2.4431,-54.7083,78.46,81,98,3.83
15,Puqi,CN,2022-01-27 17:05:41,29.7167,113.8833,35.04,100,100,3.6
16,Nicoya,CR,2022-01-27 17:05:42,10.1483,-85.452,91.69,25,3,9.31
17,Thompson,CA,2022-01-27 17:05:42,55.7435,-97.8558,-13.79,88,12,7.47
18,Januaria,BR,2022-01-27 17:05:42,-15.4833,-44.3667,86.77,49,13,4.16
19,Kushnarenkovo,RU,2022-01-27 17:05:43,55.105,55.3508,8.98,99,59,4.52
20,Shar,KZ,2022-01-27 17:05:43,49.5886,81.0453,-6.95,95,6,8.19
21,Maldonado,UY,2022-01-27 17:05:43,-34.6667,-54.9167,69.19,51,13,14.23
22,Kita,ML,2022-01-27 17:05:44,13.0349,-9.4895,93.96,7,27,1.36
23,Rikitea,PF,2022-01-27 17:05:44,-23.1203,-134.9692,78.08,77,27,19.24
24,Bambous Virieux,MU,2022-01-27 17:05:44,-20.3428,57.7575,77.25,78,40,6.91
25,Salalah,OM,2022-01-27 17:05:45,17.0151,54.0924,73.49,68,40,3.44
26,Bluff,NZ,2022-01-27 17:05:45,-46.6,168.3333,40.8,77,94,4.43
27,Vaini,TO,2022-01-27 17:04:24,-21.2,-175.2,81.84,80,97,15.61
28,Provideniya,RU,2022-01-27 17:05:45,64.3833,-173.3,-2.27,95,80,1.57
29,Chernyy Yar,RU,2022-01-27 17:05:46,48.0624,46.1091,26.15,97,100,4.45
30,Baykit,RU,2022-01-27 17:05:46,61.67,96.37,-19.05,100,53,1.21
31,Butaritari,KI,2022-01-27 17:04:10,3.0707,172.7902,81.36,79,24,13.96
32,Kloulklubed,PW,2022-01-27 17:05:46,7.0419,134.2556,79.3,80,90,15.39
33,Atuona,PF,2022-01-27 17:05:47,-9.8,-139.0333,77.99,76,23,19.57
34,Busselton,AU,2022-01-27 17:05:47,-33.65,115.3333,59.09,74,0,11.79
35,Huarmey,PE,2022-01-27 17:05:47,-10.0681,-78.1522,76.15,74,82,11.7
36,Chokurdakh,RU,2022-01-27 17:05:48,70.6333,147.9167,-24.57,90,44,13.0
37,Billings,US,2022-01-27 17:04:52,45.7833,-108.5007,35.92,52,20,16.11
38,Caravelas,BR,2022-01-27 17:05:48,-17.7125,-39.2481,85.98,57,100,8.14
39,Bartica,GY,2022-01-27 17:05:49,6.4,-58.6167,82.72,59,90,5.01
40,Tuktoyaktuk,CA,2022-01-27 17:05:49,69.4541,-133.0374,-19.64,100,77,9.04
41,Nome,US,2022-01-27 17:02:46,64.5011,-165.4064,-11.13,64,0,4.61
42,Montrose,US,2022-01-27 17:05:12,38.4166,-108.2673,20.44,58,19,4.47
43,Plouzane,FR,2022-01-27 17:05:49,48.3833,-4.6167,50.32,87,100,4.61
44,Kaoma,ZM,2022-01-27 17:05:50,-14.7833,24.8,66.54,90,88,4.92
45,Faanui,PF,2022-01-27 17:05:50,-16.4833,-151.75,80.6,77,59,16.51
46,Lumeje,AO,2022-01-27 17:05:50,-11.55,20.7833,72.14,73,97,8.3
47,San Patricio,US,2022-01-27 17:04:42,28.017,-97.5169,57.61,66,100,7.36
48,Kununurra,AU,2022-01-27 17:05:51,-15.7667,128.7333,78.78,89,75,3.44
49,Tasiilaq,GL,2022-01-27 17:06:51,65.6145,-37.6368,15.96,94,100,16.33
50,Dikson,RU,2022-01-27 17:06:52,73.5069,80.5464,8.33,93,100,27.6
51,Albany,US,2022-01-27 17:06:52,42.6001,-73.9662,25.81,52,75,1.99
52,Castro,BR,2022-01-27 17:02:30,-24.7911,-50.0119,70.92,93,97,7.05
53,Yakovlevo,RU,2022-01-27 17:06:52,50.8603,36.4478,17.85,100,96,5.53
54,Arraial Do Cabo,BR,2022-01-27 17:06:53,-22.9661,-42.0278,87.66,55,0,17.27
55,Nikolskoye,RU,2022-01-27 17:06:53,59.7035,30.7861,29.71,95,100,7.85
56,Barrow,US,2022-01-27 17:06:53,71.2906,-156.7887,-14.78,76,20,10.36
57,Khatanga,RU,2022-01-27 17:06:54,71.9667,102.5,7.36,81,99,17.81
58,Acapulco,MX,2022-01-27 17:06:31,16.8634,-99.8901,82.22,74,0,6.91
59,Cururupu,BR,2022-01-27 17:06:54,-1.8283,-44.8683,73.06,96,100,3.2
60,Shagonar,RU,2022-01-27 17:06:54,51.5333,92.8,-6.61,98,100,1.77
61,Quesnel,CA,2022-01-27 17:03:31,52.9999,-122.5029,18.37,93,47,6.13
62,Hobart,AU,2022-01-27 17:03:28,-42.8794,147.3294,69.06,76,91,1.01
63,Kapaa,US,2022-01-27 17:06:55,22.0752,-159.319,70.12,81,100,6.91
64,Mackenzie,CA,2022-01-27 17:06:55,55.2999,-123.1698,19.74,99,99,3.53
65,Mana,GF,2022-01-27 17:06:56,5.6592,-53.7767,80.94,67,97,9.33
66,Cabo San Lucas,MX,2022-01-27 17:03:26,22.8909,-109.9124,71.15,49,40,3.44
67,Moranbah,AU,2022-01-27 17:06:56,-22.0016,148.0466,72.37,85,90,11.18
68,Port Alfred,ZA,2022-01-27 17:04:40,-33.5906,26.891,75.42,88,39,9.48
69,Kaitangata,NZ,2022-01-27 17:06:57,-46.2817,169.8464,47.93,86,100,2.62
70,Olinda,BR,2022-01-27 17:06:57,-8.0089,-34.8553,85.73,66,40,11.5
71,Egvekinot,RU,2022-01-27 17:06:57,66.3167,-179.1667,-9.74,96,100,0.92
72,Cape Town,ZA,2022-01-27 17:06:43,-33.9258,18.4232,72.27,64,1,5.01
73,Bathsheba,BB,2022-01-27 17:04:48,13.2167,-59.5167,79.41,73,75,12.66
74,Tuatapere,NZ,2022-01-27 17:05:55,-46.1333,167.6833,40.82,82,100,3.38
75,Palu,ID,2022-01-27 17:02:49,-0.8917,119.8707,75.9,97,100,2.44
76,Qaanaaq,GL,2022-01-27 17:06:58,77.484,-69.3632,-7.11,67,97,6.8
77,Narsaq,GL,2022-01-27 17:06:58,60.9167,-46.05,23.22,76,100,19.42
78,Vardo,NO,2022-01-27 17:06:59,70.3705,31.1107,19.38,79,75,17.27
79,Iqaluit,CA,2022-01-27 17:06:59,63.7506,-68.5145,-9.31,76,100,8.01
80,Avarua,CK,2022-01-27 17:06:59,-21.2078,-159.775,78.85,94,75,11.5
81,Souillac,MU,2022-01-27 17:06:50,-20.5167,57.5167,77.38,78,40,6.91
82,Mehamn,NO,2022-01-27 17:02:42,71.0357,27.8492,26.78,86,20,11.5
83,Puerto Escondido,MX,2022-01-27 17:02:14,15.85,-97.0667,83.98,54,4,6.06
84,Shelburne,CA,2022-01-27 17:07:00,44.0787,-80.2041,19.67,74,100,20.89
85,Sistranda,NO,2022-01-27 17:07:00,63.7256,8.834,40.96,81,100,38.25
86,Talnakh,RU,2022-01-27 17:07:01,69.4865,88.3972,1.29,96,100,16.8
87,Baculin,PH,2022-01-27 17:07:01,7.4525,126.5842,77.16,88,88,5.5
88,Kafue,ZM,2022-01-27 17:07:01,-15.7691,28.1814,67.48,92,100,2.19
89,Victoria,HK,2022-01-27 17:02:10,22.2855,114.1577,68.38,87,7,10.0
90,Hay River,CA,2022-01-27 17:07:02,60.8156,-115.7999,7.07,93,100,4.83
91,Jalu,LY,2022-01-27 17:03:41,29.0331,21.5482,54.25,53,13,7.27
92,Rassvet,RU,2022-01-27 17:07:02,46.8333,40.75,20.32,99,91,9.84
93,Sarh,TD,2022-01-27 17:08:03,9.1429,18.3923,85.23,15,100,4.7
94,Tsogni,GA,2022-01-27 17:08:03,-2.7942,10.0988,78.96,78,72,6.51
95,Westport,US,2022-01-27 17:03:15,41.1415,-73.3579,30.2,55,0,1.01
96,Skjervoy,NO,2022-01-27 17:08:04,70.0311,20.9714,28.58,88,100,4.03
97,Vila Velha,BR,2022-01-27 17:08:04,-20.3297,-40.2925,89.55,68,0,11.99
98,Alofi,NU,2022-01-27 17:08:04,-19.0595,-169.9187,81.55,76,93,17.27
99,Ubinskoye,RU,2022-01-27 17:08:05,55.3068,79.6802,-9.44,100,98,6.71
100,Portel,BR,2022-01-27 17:08:05,-1.9356,-50.8211,87.48,60,72,3.36
101,Punta Arenas,CL,2022-01-27 17:07:15,-53.15,-70.9167,64.42,51,40,25.32
102,Soroti,UG,2022-01-27 17:08:05,1.7146,33.6111,82.51,19,95,11.16
103,Liusha,CN,2022-01-27 17:08:06,27.2098,108.59,30.31,95,100,4.94
104,Bereda,ES,2022-01-27 17:08:06,43.2686,-7.5406,51.55,86,6,4.81
105,Dingle,PH,2022-01-27 17:08:06,10.9995,122.6711,75.65,92,75,6.22
106,Toyooka,JP,2022-01-27 17:08:07,35.5333,134.8333,38.57,86,69,3.2
107,La Sarre,CA,2022-01-27 17:08:07,48.8002,-79.1996,19.26,92,100,14.56
108,Freeport,US,2022-01-27 17:07:56,40.6576,-73.5832,31.96,49,0,3.0
109,Trairi,BR,2022-01-27 17:08:07,-3.2778,-39.2689,82.62,70,76,8.81
110,Tiksi,RU,2022-01-27 17:08:08,71.6872,128.8694,-11.92,97,36,11.14
111,Georgetown,MY,2022-01-27 17:08:08,5.4112,100.3354,82.33,81,20,1.01
112,Grindavik,IS,2022-01-27 17:08:09,63.8424,-22.4338,34.27,93,100,10.36
113,Yulara,AU,2022-01-27 17:08:09,-25.2406,130.9889,75.04,100,100,6.91
114,Pisco,PE,2022-01-27 17:08:09,-13.7,-76.2167,75.25,60,0,25.32
115,Hambantota,LK,2022-01-27 17:08:10,6.1241,81.1185,76.48,72,92,17.78
116,Mananjary,MG,2022-01-27 17:08:10,-21.2167,48.3333,74.66,75,19,5.53
117,Bagli,IN,2022-01-27 17:08:11,22.65,76.35,53.73,41,3,6.31
118,Saint-Georges,GD,2022-01-27 17:08:11,12.0564,-61.7485,78.06,77,43,13.11
119,Yayva,RU,2022-01-27 17:08:11,59.3303,57.2641,8.76,94,100,7.31
120,Faro,PT,2022-01-27 17:05:01,37.0194,-7.9322,62.38,55,20,13.8
121,Guaxupe,BR,2022-01-27 17:08:12,-21.3053,-46.7128,78.58,69,85,4.99
122,Cody,US,2022-01-27 17:08:12,44.5263,-109.0565,27.01,58,0,8.05
123,Bom Jesus,BR,2022-01-27 17:08:13,-9.0744,-44.3586,80.58,75,100,4.0
124,Shepsi,RU,2022-01-27 17:08:13,44.0361,39.1489,34.43,79,89,1.03
125,Buala,SB,2022-01-27 17:08:13,-8.145,159.5921,77.9,87,100,6.89
126,Aswan,EG,2022-01-27 17:08:14,24.0934,32.907,53.11,26,26,11.56
127,Kamaishi,JP,2022-01-27 17:08:14,39.2667,141.8833,30.67,68,4,9.91
128,Ponta Do Sol,PT,2022-01-27 17:04:12,32.6667,-17.1,61.43,74,52,3.76
129,Carnarvon,AU,2022-01-27 17:08:14,-24.8667,113.6333,75.27,83,100,10.36
130,Hilo,US,2022-01-27 17:05:22,19.7297,-155.09,67.62,74,20,9.22
131,Marinette,US,2022-01-27 17:08:15,45.1,-87.6307,29.3,74,100,10.36
132,Mar Del Plata,AR,2022-01-27 17:08:15,-38.0023,-57.5575,68.02,70,40,11.99
133,Pacific Grove,US,2022-01-27 17:09:15,36.6177,-121.9166,59.58,66,0,7.0
134,New Norfolk,AU,2022-01-27 17:09:16,-42.7826,147.0587,68.72,67,96,2.44
135,Leningradskiy,RU,2022-01-27 17:05:22,69.3833,178.4167,-14.57,90,97,1.54
136,Ust-Maya,RU,2022-01-27 17:09:16,60.4167,134.5333,-41.48,100,54,0.85
137,Esperance,AU,2022-01-27 17:09:17,-33.8667,121.9,63.55,83,69,10.25
138,Batagay-Alyta,RU,2022-01-27 17:04:50,67.8006,130.4114,-15.52,90,91,3.91
139,Santa Isabel Do Rio Negro,BR,2022-01-27 17:09:17,-0.4139,-65.0192,85.03,73,47,2.08
140,Port Blair,IN,2022-01-27 17:09:17,11.6667,92.75,79.25,75,11,10.89
141,Christchurch,NZ,2022-01-27 17:08:38,-43.5333,172.6333,55.02,77,100,0.0
142,Saint George,US,2022-01-27 17:05:41,37.1041,-113.5841,46.35,41,0,4.61
143,Klaksvik,FO,2022-01-27 17:09:18,62.2266,-6.589,34.72,71,83,11.25
144,Qixingtai,CN,2022-01-27 17:09:18,30.4135,111.8874,34.75,97,100,12.93
145,Amalapuram,IN,2022-01-27 17:09:18,16.5833,82.0167,69.69,89,3,4.61
146,Coruripe,BR,2022-01-27 17:06:06,-10.1256,-36.1756,85.48,60,21,11.45
147,Malatya,TR,2022-01-27 17:09:19,38.5,38.0,24.85,59,0,16.11
148,Gushi,CN,2022-01-27 17:09:19,34.6425,109.5843,34.34,99,100,0.4
149,Hithadhoo,MV,2022-01-27 17:09:20,-0.6,73.0833,81.57,73,100,17.31
150,Mount Gambier,AU,2022-01-27 17:09:20,-37.8333,140.7667,66.11,88,100,5.75
151,Oktyabrskiy,RU,2022-01-27 17:06:49,54.4815,53.471,5.23,98,92,4.54
152,Moerai,PF,2022-01-27 17:09:21,-22.4333,-151.3333,79.34,80,51,13.22
153,Rocha,UY,2022-01-27 17:06:26,-34.4833,-54.3333,71.11,52,13,14.5
154,Ostrovnoy,RU,2022-01-27 17:09:21,68.0531,39.5131,20.84,90,99,17.18
155,Sur,OM,2022-01-27 17:09:21,22.5667,59.5289,70.07,45,0,4.74
156,Wattegama,LK,2022-01-27 17:09:22,6.7989,81.4808,70.38,83,100,5.57
157,Tondabayashi,JP,2022-01-27 17:09:22,34.5,135.6,40.28,66,20,3.83
158,Bethel,US,2022-01-27 17:05:09,41.3712,-73.414,28.47,51,0,3.0
159,Vao,NC,2022-01-27 17:06:35,-22.6667,167.4833,78.66,84,34,13.69
160,Waiuku,NZ,2022-01-27 17:09:23,-37.25,174.75,65.37,71,8,5.57
161,Palasa,IN,2022-01-27 17:09:23,18.7667,84.4167,66.76,67,43,4.83
162,Kruisfontein,ZA,2022-01-27 17:09:23,-34.0033,24.7314,68.88,86,75,10.07
163,Shimoda,JP,2022-01-27 17:09:24,34.6667,138.95,38.1,69,86,11.23
164,Lebu,CL,2022-01-27 17:09:24,-37.6167,-73.65,66.78,71,3,7.83
165,Puerto Ayora,EC,2022-01-27 17:09:24,-0.7393,-90.3518,80.56,73,88,8.66
166,Airai,TL,2022-01-27 17:09:25,-8.9266,125.4092,61.39,90,84,3.02
167,Walvis Bay,NA,2022-01-27 17:09:25,-22.9575,14.5053,65.08,74,41,18.9
168,Jamestown,US,2022-01-27 17:07:28,42.097,-79.2353,24.03,39,75,5.01
169,Elbistan,TR,2022-01-27 17:09:25,38.2059,37.1983,6.3,85,3,2.37
170,Cidreira,BR,2022-01-27 17:07:15,-30.1811,-50.2056,74.75,79,100,19.17
171,Flinders,AU,2022-01-27 17:04:54,-34.5833,150.8552,74.21,90,41,7.99
172,Coronel Vivida,BR,2022-01-27 17:09:26,-25.9797,-52.5678,75.56,91,100,4.16
173,Mangrol,IN,2022-01-27 17:09:26,21.1167,70.1167,66.42,36,0,10.87
174,Flin Flon,CA,2022-01-27 17:09:27,54.7682,-101.865,-9.74,87,98,7.0
175,Statesboro,US,2022-01-27 17:09:27,32.4488,-81.7832,51.94,27,0,6.91
176,Yanam,IN,2022-01-27 17:10:27,16.7333,82.2167,70.95,86,1,5.19
177,Bredasdorp,ZA,2022-01-27 17:10:28,-34.5322,20.0403,70.29,61,56,9.57
178,Svetlaya,RU,2022-01-27 17:10:28,46.5389,138.3297,6.57,77,7,8.68
179,Miramar,US,2022-01-27 17:10:28,25.9873,-80.2323,78.82,78,100,6.91
180,Constitucion,CL,2022-01-27 17:10:29,-35.3333,-72.4167,68.2,68,36,8.32
181,Upernavik,GL,2022-01-27 17:10:29,72.7868,-56.1549,-8.09,72,41,7.61
182,Batagay,RU,2022-01-27 17:10:29,67.6333,134.6333,-16.33,96,99,4.38
183,Vaitape,PF,2022-01-27 17:10:30,-16.5167,-151.75,80.58,78,58,16.49
184,Manokwari,ID,2022-01-27 17:10:30,-0.8667,134.0833,77.68,83,83,0.85
185,Lavra,PT,2022-01-27 17:10:30,41.2594,-8.7185,63.14,51,0,8.05
186,Guerrero Negro,MX,2022-01-27 17:10:31,27.9769,-114.0611,65.08,43,90,2.46
187,Alekseyevsk,RU,2022-01-27 17:10:31,57.8406,108.3492,-16.96,100,82,1.19
188,Port Hawkesbury,CA,2022-01-27 17:10:31,45.6169,-61.3485,20.17,84,66,5.99
189,Sinegorye,RU,2022-01-27 17:10:31,62.0788,150.477,-17.64,100,100,3.58
190,Mahebourg,MU,2022-01-27 17:10:32,-20.4081,57.7,77.29,78,40,6.91
191,Black Forest,US,2022-01-27 17:10:32,39.0131,-104.7008,26.1,78,100,1.01
192,Road Town,VG,2022-01-27 17:10:32,18.4167,-64.6167,82.49,61,20,12.66
193,Tabou,CI,2022-01-27 17:10:33,4.423,-7.3528,83.14,67,7,10.13
194,Beinamar,TD,2022-01-27 17:10:33,8.6698,15.3813,83.21,15,32,4.45
195,Port Augusta,AU,2022-01-27 17:10:33,-32.5,137.7667,78.71,74,72,17.34
196,Sao Gabriel Da Cachoeira,BR,2022-01-27 17:10:34,-0.1303,-67.0892,94.12,45,72,1.86
197,Naze,JP,2022-01-27 17:10:34,28.3667,129.4833,59.25,80,98,9.6
198,Ketchikan,US,2022-01-27 17:10:34,55.3422,-131.6461,40.98,87,75,11.5
199,Nantucket,US,2022-01-27 17:10:35,41.2835,-70.0995,30.15,66,75,6.91
200,Lorengau,PG,2022-01-27 17:10:35,-2.0226,147.2712,80.92,76,96,5.91
201,Louis Trichardt,ZA,2022-01-27 17:10:35,-23.0439,29.9032,67.86,91,87,5.37
202,Mahibadhoo,MV,2022-01-27 17:10:36,3.7833,72.9667,79.95,61,60,7.14
203,Kambove,CD,2022-01-27 17:10:36,-10.8764,26.5969,63.79,95,96,4.52
204,Punta Alta,AR,2022-01-27 17:09:57,-38.8759,-62.0736,71.83,42,0,8.48
205,Ostrow Mazowiecka,PL,2022-01-27 17:10:36,52.8024,21.8951,35.62,97,100,17.6
206,Suntar,RU,2022-01-27 17:10:37,62.1444,117.6319,-6.68,92,31,7.52
207,Adrar,MR,2022-01-27 17:10:37,20.5022,-10.0711,82.42,8,98,12.48
208,Port Lincoln,AU,2022-01-27 17:08:23,-34.7333,135.8667,65.14,89,0,10.13
209,Paamiut,GL,2022-01-27 17:10:38,61.994,-49.6678,15.96,89,100,13.02
210,Taoudenni,ML,2022-01-27 17:06:03,22.6783,-3.9836,81.45,11,94,14.97
211,Diofior,SN,2022-01-27 17:10:38,14.1833,-16.6667,81.52,18,14,9.73
212,Lovozero,RU,2022-01-27 17:10:38,68.005,35.0117,11.52,94,100,4.45
213,Mattru,SL,2022-01-27 17:10:39,7.6244,-11.8332,93.56,36,56,5.41
214,Muromtsevo,RU,2022-01-27 17:10:39,56.3724,75.2418,-0.9,97,91,5.88
215,Torit,SS,2022-01-27 17:10:39,4.4133,32.5678,90.43,19,80,9.33
216,Yancheng,CN,2022-01-27 17:10:40,33.3856,120.1253,36.88,67,100,5.73
217,Fairbanks,US,2022-01-27 17:06:42,64.8378,-147.7164,-11.4,74,0,0.0
218,Piterka,RU,2022-01-27 17:10:40,50.6803,47.4454,18.16,94,98,6.82
219,Simao,CN,2022-01-27 17:10:41,22.7886,100.9748,54.66,85,56,1.28
220,Neuquen,AR,2022-01-27 17:06:49,-38.9516,-68.0591,83.26,26,0,19.69
221,Yeppoon,AU,2022-01-27 17:10:41,-23.1333,150.7333,73.18,64,67,15.19
222,Coello,CO,2022-01-27 17:10:41,4.2891,-74.8982,85.3,62,55,1.03
223,Aklavik,CA,2022-01-27 17:11:42,68.2191,-135.0107,-17.55,95,100,1.16
224,Chuy,UY,2022-01-27 17:11:42,-33.6971,-53.4616,73.27,50,5,14.7
225,Atar,MR,2022-01-27 17:11:42,20.5169,-13.0499,78.67,20,90,8.39
226,Bukachacha,RU,2022-01-27 17:11:43,52.9833,116.9167,-13.86,98,72,3.69
227,Hamilton,US,2022-01-27 17:11:43,39.1834,-84.5333,32.99,52,100,3.0
228,Los Llanos De Aridane,ES,2022-01-27 17:11:43,28.6585,-17.9182,61.12,74,75,3.0
229,Seminole,US,2022-01-27 17:10:31,28.7086,-81.2081,71.98,83,100,1.99
230,Comodoro Rivadavia,AR,2022-01-27 17:09:25,-45.8667,-67.5,80.46,32,0,18.41
231,Saint-Philippe,RE,2022-01-27 17:07:06,-21.3585,55.7679,76.59,78,7,10.07
232,Dwarka,IN,2022-01-27 17:11:44,22.2394,68.9678,67.95,46,0,12.33
233,Alice Springs,AU,2022-01-27 17:09:34,-23.7,133.8833,78.35,73,100,9.22
234,Qui Nhon,VN,2022-01-27 17:07:33,13.7667,109.2333,70.52,85,96,7.92
235,Katobu,ID,2022-01-27 17:11:45,-4.9408,122.5276,76.46,89,100,1.52
236,Saint-Augustin,CA,2022-01-27 17:11:45,51.226,-58.6502,-1.07,75,2,5.77
237,Tautira,PF,2022-01-27 17:11:45,-17.7333,-149.15,77.02,77,21,16.06
238,Torbay,CA,2022-01-27 17:11:46,47.6666,-52.7314,24.39,82,75,12.66
239,Abashiri,JP,2022-01-27 17:11:46,44.0213,144.2697,11.41,91,93,7.0
240,Qandala,SO,2022-01-27 17:11:46,11.472,49.8728,74.97,68,89,6.11
241,Isangel,VU,2022-01-27 17:07:41,-19.55,169.2667,79.7,87,100,7.76
242,Tulum,MX,2022-01-27 17:11:47,20.2167,-87.4667,84.25,66,24,2.48
243,Stornoway,GB,2022-01-27 17:11:47,58.2093,-6.3865,42.93,89,20,3.0
244,Pietermaritzburg,ZA,2022-01-27 17:11:47,-29.6168,30.3928,73.76,91,21,4.92
245,Kupang,ID,2022-01-27 17:11:48,-10.1667,123.5833,80.33,84,100,13.62
246,Gambela,ET,2022-01-27 17:11:48,8.25,34.5833,84.99,27,14,3.18
247,Colesberg,ZA,2022-01-27 17:11:48,-30.72,25.0972,89.38,15,40,12.06
248,Iquique,CL,2022-01-27 17:08:29,-20.2208,-70.1431,73.44,70,71,8.14
249,Cherskiy,RU,2022-01-27 17:11:49,68.75,161.3,-39.06,97,21,2.19
250,Krasnokholmskiy,RU,2022-01-27 17:11:49,55.9873,55.0466,-2.04,100,91,5.03
251,Mindelo,CV,2022-01-27 17:11:50,16.8901,-24.9804,70.32,71,99,23.82
252,Kansk,RU,2022-01-27 17:11:50,56.2017,95.7175,-8.07,100,100,0.63
253,Sereflikochisar,TR,2022-01-27 17:11:50,38.9393,33.5386,14.27,93,25,4.68
254,Biltine,TD,2022-01-27 17:11:51,14.5333,20.9167,74.44,15,7,14.29
255,Pangnirtung,CA,2022-01-27 17:11:51,66.1451,-65.7125,-20.87,75,44,4.09
256,Saldanha,ZA,2022-01-27 17:11:51,-33.0117,17.9442,65.79,82,0,22.15
257,Ilawe,NG,2022-01-27 17:11:51,7.8667,4.4333,92.03,16,3,1.5
258,Poum,NC,2022-01-27 17:11:52,-20.2333,164.0167,80.74,80,86,12.21
259,Jian,CN,2022-01-27 17:11:52,27.1172,114.9793,44.8,89,100,7.05
260,Pochutla,MX,2022-01-27 17:11:52,15.7432,-96.4661,87.82,48,1,6.4
261,Kodiak,US,2022-01-27 17:09:30,57.79,-152.4072,35.11,87,100,16.11
262,Minsk,BY,2022-01-27 17:10:40,53.9,27.5667,31.75,97,100,14.03
263,East London,ZA,2022-01-27 17:11:53,-33.0153,27.9116,77.94,88,75,6.91
264,Magway,MM,2022-01-27 17:11:53,20.15,94.9167,68.34,65,0,6.76
265,Longyearbyen,SJ,2022-01-27 17:11:54,78.2186,15.6401,8.44,72,75,10.36
266,Katsuura,JP,2022-01-27 17:11:54,35.1333,140.3,44.19,75,100,12.19
267,Nikolayevka,RU,2022-01-27 17:11:54,53.1257,47.2041,12.65,98,89,4.54
268,Hofn,IS,2022-01-27 17:11:55,64.2539,-15.2082,33.48,54,100,5.79
269,Kidal,ML,2022-01-27 17:11:55,18.4411,1.4078,73.45,14,88,13.6
270,Hatillo,PR,2022-01-27 17:11:55,18.4863,-66.8254,85.01,69,8,1.99
271,Makakilo City,US,2022-01-27 17:12:55,21.3469,-158.0858,64.72,84,0,4.61
272,Lata,PT,2022-01-27 17:12:56,40.1629,-8.3327,61.92,55,10,6.26
273,Chatellerault,FR,2022-01-27 17:12:56,46.8,0.5333,38.3,49,30,4.85
274,Los Cedrales,PY,2022-01-27 17:12:56,-25.65,-54.7,88.09,58,94,4.09
275,Nouadhibou,MR,2022-01-27 17:12:57,20.931,-17.0347,65.08,73,99,21.41
276,Sterling,US,2022-01-27 17:09:35,39.0062,-77.4286,33.37,53,0,8.99
277,Lincoln,US,2022-01-27 17:12:57,40.8,-96.667,40.28,63,75,1.99
278,Korla,CN,2022-01-27 17:12:58,41.7597,86.1469,24.17,59,0,3.29
279,Papetoai,PF,2022-01-27 17:12:58,-17.4961,-149.8729,76.59,73,12,13.56
280,Gravdal,NO,2022-01-27 17:12:58,68.1214,13.5031,33.48,80,100,25.32
281,Murgab,TM,2022-01-27 17:12:59,37.4966,61.9714,61.25,30,100,22.82
282,Ucluelet,CA,2022-01-27 17:12:59,48.9329,-125.5528,43.41,59,38,6.93
283,Dargaville,NZ,2022-01-27 17:12:59,-35.9333,173.8833,63.1,79,34,8.81
284,Chingola,ZM,2022-01-27 17:13:00,-12.529,27.8838,64.0,95,96,5.17
285,Fairfield,US,2022-01-27 17:09:20,41.2668,-73.3162,28.87,55,0,1.01
286,Sao Joao Da Barra,BR,2022-01-27 17:13:00,-21.6403,-41.0511,89.69,74,2,14.05
287,Tarakan,ID,2022-01-27 17:13:00,3.3,117.6333,80.38,79,28,6.71
288,Lavrentiya,RU,2022-01-27 17:13:01,65.5833,-171.0,-11.9,81,46,1.57
289,Thinadhoo,MV,2022-01-27 17:13:01,0.5333,72.9333,81.16,70,100,12.95
290,Dombasle-Sur-Meurthe,FR,2022-01-27 17:13:01,48.6252,6.3497,35.58,84,100,5.75
291,Fort Morgan,US,2022-01-27 17:13:02,40.2503,-103.8,30.94,100,0,11.5
292,Diffa,NE,2022-01-27 17:13:02,13.3154,12.6113,72.66,21,34,11.16
293,Yar-Sale,RU,2022-01-27 17:13:02,66.8333,70.8333,2.26,95,100,8.68
294,Ngorongoro,TZ,2022-01-27 17:13:03,-3.2397,35.4875,60.39,58,91,1.59
295,Bozoum,CF,2022-01-27 17:13:03,6.3193,16.3799,80.89,19,97,3.4
296,Palmer,US,2022-01-27 17:08:31,42.1584,-72.3287,25.48,40,75,1.01
297,Aksu,CN,2022-01-27 17:13:03,41.1231,80.2644,24.12,50,0,4.14
298,Zyryanka,RU,2022-01-27 17:13:04,65.75,150.85,-40.76,100,100,2.39
299,Zajecar,RS,2022-01-27 17:13:04,43.9036,22.2641,35.04,88,34,8.84
300,Koshurnikovo,RU,2022-01-27 17:13:04,54.1667,93.3,8.1,97,100,0.18
301,Lapua,FI,2022-01-27 17:13:05,62.9693,23.0088,30.88,95,86,2.55
302,Ganzhou,CN,2022-01-27 17:13:05,28.8184,115.4327,40.73,93,100,6.08
303,Fortuna,US,2022-01-27 17:13:05,40.5982,-124.1573,38.32,100,0,10.36
304,Niimi,JP,2022-01-27 17:13:06,34.9833,133.4667,30.4,88,29,4.12
305,Svetlogorsk,BY,2022-01-27 17:13:06,52.6333,29.7333,31.44,96,100,9.95
306,Izumrud,RU,2022-01-27 17:13:06,57.0788,61.3993,8.6,91,93,6.98
307,Mandalgovi,MN,2022-01-27 17:13:07,45.7625,106.2708,3.36,57,0,5.53
308,Fort Nelson,CA,2022-01-27 17:10:49,58.8053,-122.7002,11.84,99,98,3.06
309,Killybegs,IE,2022-01-27 17:13:07,54.6333,-8.45,47.91,72,67,8.41
310,Tessaoua,NE,2022-01-27 17:13:07,13.7574,7.9874,76.96,15,2,10.49
311,Cochrane,CA,2022-01-27 17:11:26,51.1834,-114.4687,23.76,43,30,6.22
312,Marystown,CA,2022-01-27 17:13:08,47.1666,-55.1483,26.85,100,68,11.18
313,Goderich,CA,2022-01-27 17:09:34,43.7501,-81.7165,25.92,75,100,25.55
314,Sambava,MG,2022-01-27 17:13:08,-14.2667,50.1667,78.96,74,24,14.74
315,Yate,GB,2022-01-27 17:13:09,51.5407,-2.4184,50.83,74,28,5.17
316,Pleshanovo,RU,2022-01-27 17:14:09,52.8333,53.4833,-2.87,100,79,2.71
317,Zhanaozen,KZ,2022-01-27 17:14:09,43.3,52.8,38.43,75,100,10.69
318,Kiunga,PG,2022-01-27 17:14:10,-6.1219,141.2906,72.88,92,100,0.56
319,Srednekolymsk,RU,2022-01-27 17:14:10,67.45,153.6833,-42.93,100,70,1.34
320,Marzuq,YE,2022-01-27 17:09:34,14.4,46.4667,65.68,65,0,6.44
321,Byron Bay,AU,2022-01-27 17:13:26,-28.65,153.6167,74.88,86,67,8.72
322,Saint Anthony,US,2022-01-27 17:09:26,45.0205,-93.218,30.13,60,40,16.11
323,Toktogul,KG,2022-01-27 17:14:11,41.8708,72.9402,15.78,54,1,3.85
324,Valparaiso,CL,2022-01-27 17:12:10,-33.0393,-71.6273,68.23,65,20,13.8
325,Great Yarmouth,GB,2022-01-27 17:10:53,52.6083,1.7305,48.31,75,5,17.11
326,Newport,GB,2022-01-27 17:14:11,51.5877,-2.9984,51.26,75,17,6.42
327,Gamba,GA,2022-01-27 17:14:11,-2.65,10.0,79.34,79,72,6.82
328,Binzhou,CN,2022-01-27 17:14:12,37.3667,118.0167,27.46,53,100,4.68
329,Mecca,SA,2022-01-27 17:14:01,21.4267,39.8261,65.52,47,0,14.18
330,Arlit,NE,2022-01-27 17:14:12,18.7369,7.3853,72.18,13,81,5.53
331,Nuuk,GL,2022-01-27 17:09:34,64.1835,-51.7216,9.21,85,75,9.22
332,Vostok,RU,2022-01-27 17:09:31,46.4856,135.8833,-8.9,98,99,5.39
333,Ahuimanu,US,2022-01-27 17:14:13,21.4447,-157.8378,65.91,88,0,0.0
334,Geraldton,AU,2022-01-27 17:14:13,-28.7667,114.6,72.01,68,0,14.97
335,Navashino,RU,2022-01-27 17:14:13,55.5292,42.2003,2.28,99,88,5.91
336,Ancud,CL,2022-01-27 17:14:14,-41.8697,-73.8203,81.43,58,0,7.56
337,Hualahuises,MX,2022-01-27 17:14:14,24.8847,-99.6733,57.88,83,99,4.07
338,Clyde River,CA,2022-01-27 17:11:45,70.4692,-68.5914,-5.57,77,100,35.68
339,Nishihara,JP,2022-01-27 17:14:15,26.1842,127.7558,65.48,94,20,4.61
340,Kotka,FI,2022-01-27 17:14:15,60.4664,26.9458,32.32,98,100,12.77
341,Letterkenny,IE,2022-01-27 17:14:15,54.95,-7.7333,48.13,74,62,7.31
342,Mancora,PE,2022-01-27 17:14:16,-4.1078,-81.0475,86.58,66,54,11.74
343,Sumbe,AO,2022-01-27 17:14:16,-11.2061,13.8437,79.56,78,75,3.74
344,Kirakira,SB,2022-01-27 17:14:16,-10.4544,161.9205,76.8,92,100,7.14
345,Chulym,RU,2022-01-27 17:14:17,55.0997,80.9572,-12.21,100,94,5.75
346,Haifa,IL,2022-01-27 17:14:17,32.8156,34.9892,54.54,62,40,8.05
347,Golfito,CR,2022-01-27 17:14:17,8.639,-83.166,86.0,51,27,4.72
348,Tateyama,JP,2022-01-27 17:14:18,34.9833,139.8667,44.1,59,100,10.71
349,Herat,AF,2022-01-27 17:11:52,34.5,62.0,48.99,40,36,7.02
350,Nombre De Dios,MX,2022-01-27 17:14:18,23.85,-104.2333,61.81,25,100,6.33
351,Puerto El Triunfo,SV,2022-01-27 17:14:18,13.2833,-88.55,91.56,45,75,4.21
352,Hualmay,PE,2022-01-27 17:14:19,-11.0964,-77.6139,75.16,74,94,11.61
353,Fria,GN,2022-01-27 17:14:19,10.4167,-13.5833,85.23,21,67,5.28
354,Oga,IT,2022-01-27 17:14:19,46.4631,10.347,32.36,60,100,5.66
355,Kalaleh,IR,2022-01-27 17:14:20,37.3807,55.4916,48.0,78,98,2.48
356,Touros,BR,2022-01-27 17:14:20,-5.1989,-35.4608,85.1,62,31,12.41
357,Kaniama,CD,2022-01-27 17:14:20,-7.5667,24.1833,68.61,93,100,3.2
358,Kyshtovka,RU,2022-01-27 17:14:21,56.555,76.6271,-2.07,98,100,7.16
359,Margate,GB,2022-01-27 17:14:21,51.3813,1.3862,49.3,69,37,5.99
360,Jardim Do Serido,BR,2022-01-27 17:14:21,-6.5844,-36.7744,92.37,34,83,13.85
361,Nanortalik,GL,2022-01-27 17:14:22,60.1432,-45.2371,22.48,69,92,28.52
362,Sancti Spiritus,CU,2022-01-27 17:14:22,21.9297,-79.4425,85.35,37,0,4.12
363,Warrington,GB,2022-01-27 17:13:55,53.3925,-2.5802,48.92,84,75,3.0
364,Puttur,IN,2022-01-27 17:15:22,12.7667,75.2167,78.91,83,97,0.56
365,Aleksandro-Nevskiy,RU,2022-01-27 17:15:23,53.4751,40.2095,1.11,100,87,6.6
366,Deputatskiy,RU,2022-01-27 17:15:23,69.3,139.9,-11.25,96,99,3.58
367,Merauke,ID,2022-01-27 17:15:23,-8.4667,140.3333,77.97,79,100,3.44
368,Portland,US,2022-01-27 17:13:49,45.5234,-122.6762,42.04,69,20,1.99
369,Naliya,IN,2022-01-27 17:15:24,23.2667,68.8333,63.66,28,0,9.91
370,Qrendi,MT,2022-01-27 17:15:24,35.8347,14.4583,54.1,67,50,13.69
371,Buta,CD,2022-01-27 17:15:24,2.7858,24.73,83.41,29,89,2.28
372,Candido Mendes,BR,2022-01-27 17:15:25,-1.4467,-45.7167,75.76,96,89,4.23
373,Morgantown,US,2022-01-27 17:12:32,39.6295,-79.9559,31.62,54,0,9.22
374,Solnechnyy,RU,2022-01-27 17:15:25,50.7214,136.6319,-5.1,99,100,1.45
375,San Antonio Del Norte,HN,2022-01-27 17:15:26,13.8844,-87.7031,87.17,34,82,10.71
376,Praia Da Vitoria,PT,2022-01-27 17:15:26,38.7333,-27.0667,64.76,88,40,11.99
377,Irtyshskiy,RU,2022-01-27 17:15:26,58.3333,68.1333,13.41,93,90,10.04
378,Barahona,DO,2022-01-27 17:15:02,18.2085,-71.1008,87.62,42,20,11.5
379,Padang,ID,2022-01-27 17:15:27,-0.9492,100.3543,77.52,88,100,4.03
380,Ha Giang,VN,2022-01-27 17:15:27,22.8333,104.9833,66.51,99,74,1.74
381,Semirom,IR,2022-01-27 17:15:27,31.4167,51.5667,31.03,95,99,12.57
382,Miyako,JP,2022-01-27 17:15:28,39.6367,141.9525,30.04,62,6,8.16
383,Nouakchott,MR,2022-01-27 17:12:22,18.0858,-15.9785,75.13,51,80,16.84
384,Brookhaven,US,2022-01-27 17:13:11,31.5791,-90.4407,54.55,41,58,2.66
385,Cachoeira Do Sul,BR,2022-01-27 17:15:28,-30.0392,-52.8939,75.49,73,100,8.93
386,Bubaque,GW,2022-01-27 17:15:29,11.2833,-15.8333,79.56,67,35,12.48
387,Corbelia,BR,2022-01-27 17:15:29,-24.7989,-53.3067,79.95,82,100,6.69
388,Ayan,RU,2022-01-27 17:15:29,56.45,138.1667,-8.54,79,67,11.41
389,Saint-Paul,RE,2022-01-27 17:15:30,-21.0096,55.2707,75.31,72,47,1.34
390,Tura,IN,2022-01-27 17:15:30,25.5198,90.2201,52.23,53,0,0.92
391,Olafsvik,IS,2022-01-27 17:14:39,64.8945,-23.7142,35.85,90,100,17.87
392,Ambunti,PG,2022-01-27 17:15:30,-4.2365,142.8448,72.79,98,100,0.87
393,Rawlins,US,2022-01-27 17:15:31,41.7911,-107.2387,22.89,63,40,6.91
394,Saint-Joseph,RE,2022-01-27 17:15:31,-21.3667,55.6167,73.78,77,8,9.13
395,Altamont,US,2022-01-27 17:15:31,42.2068,-121.7372,31.39,73,0,4.0
396,Champaign,US,2022-01-27 17:11:30,40.1334,-88.2001,31.57,84,100,7.0
397,Kolokani,ML,2022-01-27 17:15:32,13.5728,-8.0339,91.81,6,7,3.65
398,Akyab,MM,2022-01-27 17:15:32,20.15,92.9,69.53,73,0,12.19
399,Auki,SB,2022-01-27 17:15:32,-8.7676,160.7034,77.79,89,100,7.16
400,Bolton,GB,2022-01-27 17:13:46,53.5833,-2.4333,48.22,85,17,4.0
401,Saiki,JP,2022-01-27 17:15:33,32.95,131.9,43.52,79,16,12.26
402,Dhidhdhoo,MV,2022-01-27 17:15:33,6.8833,73.1,80.04,58,18,8.28
403,Laguna,US,2022-01-27 17:15:34,38.421,-121.4238,55.9,84,0,1.01
404,Labuan,MY,2022-01-27 17:15:34,5.2767,115.2417,77.16,100,20,0.0
405,Charters Towers,AU,2022-01-27 17:15:34,-20.1,146.2667,72.59,95,100,15.19
406,Antofagasta,CL,2022-01-27 17:15:14,-23.65,-70.4,71.22,63,96,9.82
407,Whitianga,NZ,2022-01-27 17:15:35,-36.8333,175.7,63.01,71,84,12.21
408,Karratha,AU,2022-01-27 17:15:35,-20.7377,116.8463,79.68,70,48,19.51
409,Chenzhou,CN,2022-01-27 17:16:35,25.8,113.0333,38.77,96,100,4.52
410,Natal,BR,2022-01-27 17:15:55,-5.795,-35.2094,84.85,74,75,11.5
411,Polewali,ID,2022-01-27 17:16:36,-3.4324,119.3435,77.23,89,100,3.6
412,Namatanai,PG,2022-01-27 17:16:36,-3.6667,152.4333,79.25,79,97,2.24
413,Morden,CA,2022-01-27 17:16:36,49.1919,-98.1014,1.09,71,73,9.22
414,Saskylakh,RU,2022-01-27 17:16:37,71.9167,114.0833,2.8,83,67,11.88
415,Ajdabiya,LY,2022-01-27 17:16:37,30.7554,20.2263,55.63,60,93,9.78
416,Suzun,RU,2022-01-27 17:16:37,53.7841,82.3116,-10.23,100,96,1.72
417,Lagoa,PT,2022-01-27 17:16:38,39.05,-27.9833,59.13,78,47,13.67
418,Kutum,SD,2022-01-27 17:16:38,14.2,24.6667,60.28,22,3,12.37
419,Praia,CV,2022-01-27 17:16:39,14.9215,-23.5087,73.94,64,75,26.46
420,Elko,US,2022-01-27 17:15:36,41.0002,-115.5012,22.05,82,0,1.01
421,General Pico,AR,2022-01-27 17:16:39,-35.6566,-63.7568,73.85,40,8,9.1
422,Hendaye,FR,2022-01-27 17:16:39,43.3717,-1.7738,48.2,83,100,3.44
423,Albenga,IT,2022-01-27 17:16:40,44.0529,8.216,55.35,74,75,3.44
424,Ankang,CN,2022-01-27 17:16:40,32.68,109.0172,38.32,81,99,2.57
425,Broken Hill,AU,2022-01-27 17:16:41,-31.95,141.4333,85.39,46,95,18.52
426,Taganak,PH,2022-01-27 17:16:41,6.0833,118.3,80.74,82,94,7.78
427,Chickasha,US,2022-01-27 17:14:13,35.0526,-97.9364,38.5,86,100,0.0
428,Henties Bay,NA,2022-01-27 17:16:41,-22.116,14.2845,64.85,82,58,13.85
429,Winona,US,2022-01-27 17:16:42,43.9666,-91.7668,31.8,71,100,16.11
430,Stromness,GB,2022-01-27 17:16:42,58.965,-3.296,40.96,65,93,22.15
431,Te Anau,NZ,2022-01-27 17:16:42,-45.4167,167.7167,42.73,86,100,1.63
432,Koslan,RU,2022-01-27 17:16:43,63.4564,48.8989,8.28,96,99,5.03
433,Gangapur,IN,2022-01-27 17:16:43,26.4833,76.7167,53.13,51,0,4.81
434,Nyurba,RU,2022-01-27 17:16:43,63.2842,118.3319,-8.23,93,22,6.93
435,Ambon,ID,2022-01-27 17:16:44,-3.6954,128.1814,75.34,94,20,5.75
436,Naron,ES,2022-01-27 17:16:44,43.5167,-8.1528,57.04,76,1,12.35
437,Cherepovets,RU,2022-01-27 17:16:44,59.1333,37.9,17.42,86,100,6.71
438,Codrington,AU,2022-01-27 17:12:03,-38.2667,141.9667,66.47,95,5,6.2
439,Eureka,US,2022-01-27 17:14:29,40.8021,-124.1637,38.59,52,0,4.59
440,Kostek,RU,2022-01-27 17:16:45,43.3439,46.8541,33.28,92,100,11.54
441,Tenenkou,ML,2022-01-27 17:16:45,14.4572,-4.9169,90.19,6,25,8.01
442,Andenes,NO,2022-01-27 17:16:45,69.3143,16.1194,31.98,93,75,14.97
443,Nizwa,OM,2022-01-27 17:16:46,22.9333,57.5333,70.74,36,0,2.59
444,Jacareacanga,BR,2022-01-27 17:16:46,-6.2222,-57.7528,89.91,66,75,3.44
445,Manaure,CO,2022-01-27 17:16:47,11.7751,-72.4445,84.31,53,12,13.94
446,Kavieng,PG,2022-01-27 17:16:47,-2.5744,150.7967,82.0,74,97,4.88
447,Lompoc,US,2022-01-27 17:12:14,34.6391,-120.4579,65.08,75,0,5.75
448,Vila Franca Do Campo,PT,2022-01-27 17:16:47,37.7167,-25.4333,61.21,71,70,12.06
449,Port Hardy,CA,2022-01-27 17:16:48,50.6996,-127.4199,37.76,100,20,3.44
450,Muros,ES,2022-01-27 17:16:48,42.7762,-9.0603,59.5,64,0,3.62
451,Saint-Pierre,RE,2022-01-27 17:12:00,-21.3393,55.4781,76.68,69,75,8.05
452,Codajas,BR,2022-01-27 17:16:49,-3.8367,-62.0569,82.47,86,79,1.21
453,Nizhniy Kuranakh,RU,2022-01-27 17:16:49,58.8353,125.4869,-0.83,98,100,6.58
454,San Cristobal,VE,2022-01-27 17:13:19,7.7669,-72.225,77.18,44,87,1.5
455,Baker City,US,2022-01-27 17:17:49,44.7749,-117.8344,20.59,98,100,9.22
456,Cobija,BO,2022-01-27 17:17:50,-11.0267,-68.7692,89.78,66,75,0.0
457,Zyryanovsk,KZ,2022-01-27 17:17:50,49.7386,84.2719,-10.12,99,91,2.53
458,Kattivakkam,IN,2022-01-27 17:17:51,13.2167,80.3167,81.07,81,16,11.48
459,Betioky,MG,2022-01-27 17:17:51,-23.7167,44.3833,79.25,51,0,7.65
460,Dong Hoi,VN,2022-01-27 17:17:51,17.4833,106.6,69.78,91,1,5.32
461,Chincholi,IN,2022-01-27 17:17:52,17.4667,77.4333,68.0,41,1,12.35
462,Maragogi,BR,2022-01-27 17:15:03,-9.0122,-35.2225,84.43,63,50,9.98
463,Phuket,TH,2022-01-27 17:13:37,8.0,98.25,87.1,89,20,1.14
464,Haradok,BY,2022-01-27 17:17:53,55.4624,29.9816,31.69,98,100,11.95
465,Siniscola,IT,2022-01-27 17:17:53,40.5719,9.6922,53.15,78,67,5.21
466,Mancio Lima,BR,2022-01-27 17:17:53,-7.6142,-72.8958,86.07,70,75,5.75
467,Vestmannaeyjar,IS,2022-01-27 17:17:53,63.4427,-20.2734,38.39,93,40,12.66
468,North Bend,US,2022-01-27 17:17:54,43.4065,-124.2243,42.13,68,0,4.18
469,Leua,SK,2022-01-27 17:17:54,48.2156,18.6071,37.49,86,67,5.23
470,Emerald,AU,2022-01-27 17:17:32,-23.5333,148.1667,74.34,77,21,10.71
471,Amapa,BR,2022-01-27 17:13:38,1.0,-52.0,79.41,87,90,3.65
472,Ardesen,TR,2022-01-27 17:17:55,41.1911,40.9875,35.56,87,100,5.97
473,Gigmoto,PH,2022-01-27 17:17:55,13.7796,124.39,77.83,84,95,8.68
474,Three Hills,CA,2022-01-27 17:15:02,51.7001,-113.2686,27.48,86,83,7.81
475,San Mateo Del Mar,MX,2022-01-27 17:17:56,16.2,-95.0,79.57,65,0,30.91
476,Coquimbo,CL,2022-01-27 17:17:36,-29.9533,-71.3436,67.73,68,20,14.97
477,Lourdes,FR,2022-01-27 17:17:56,43.1,-0.05,47.68,57,0,3.44
478,Taitung,TW,2022-01-27 17:17:56,22.7583,121.1444,71.37,88,90,7.81
479,Neyshabur,IR,2022-01-27 17:17:57,36.2133,58.7958,47.91,49,90,10.31
480,North Myrtle Beach,US,2022-01-27 17:17:44,33.816,-78.68,49.1,35,0,11.5
481,Mizan Teferi,ET,2022-01-27 17:17:57,6.9833,35.5833,68.58,46,96,2.71
482,Liverpool,GB,2022-01-27 17:15:19,53.4106,-2.9779,48.74,88,75,4.0
483,Staraya Poltavka,RU,2022-01-27 17:17:58,50.4772,46.4814,20.21,93,100,6.13
484,Corbu,RO,2022-01-27 17:17:58,44.3833,28.65,35.13,70,0,6.91
485,Camana,PE,2022-01-27 17:17:59,-16.6228,-72.7111,74.62,72,100,10.38
486,Kijang,KR,2022-01-27 17:17:59,35.2442,129.2139,37.13,35,68,5.48
487,Richards Bay,ZA,2022-01-27 17:17:59,-28.783,32.0377,80.58,77,2,15.08
488,Japura,ID,2022-01-27 17:18:00,-0.3167,102.35,73.08,89,43,2.44
489,Olga,RU,2022-01-27 17:18:00,43.7444,135.2892,11.35,69,0,6.93
490,Shubarshi,KZ,2022-01-27 17:18:00,48.5872,57.1869,15.82,88,100,9.08
491,Sisimiut,GL,2022-01-27 17:18:01,66.9395,-53.6735,5.88,85,100,10.94
492,Raton,US,2022-01-27 17:18:01,36.9034,-104.4391,29.59,51,0,8.05
493,Kathmandu,NP,2022-01-27 17:18:02,27.7167,85.3167,40.24,87,34,1.1
494,Ixtapa,MX,2022-01-27 17:18:02,20.7,-105.2,74.43,69,75,0.0
495,Port Hueneme,US,2022-01-27 17:18:02,34.1478,-119.1951,66.43,22,0,11.5
496,Inhambane,MZ,2022-01-27 17:18:03,-23.865,35.3833,80.58,89,20,10.36
497,Mao,ES,2022-01-27 17:18:03,39.8885,4.2658,54.16,82,0,3.44
498,Dangtu,CN,2022-01-27 17:19:04,31.5723,118.4928,37.45,93,100,11.54
499,Bansdih,IN,2022-01-27 17:19:04,25.8833,84.2167,51.31,71,0,7.47
500,Jutai,BR,2022-01-27 17:19:04,-5.1833,-68.9,88.95,62,66,1.74
501,Atikokan,CA,2022-01-27 17:19:05,48.7555,-91.6216,-0.31,81,69,10.16
502,Dibombari,CM,2022-01-27 17:19:05,4.1787,9.6561,84.67,59,71,8.93
503,Kholodnyy,RU,2022-01-27 17:19:05,62.7167,147.95,-18.67,96,95,4.36
504,Alta Floresta,BR,2022-01-27 17:19:06,-9.8756,-56.0861,85.82,70,75,3.44
505,Telenesti,MD,2022-01-27 17:19:06,47.4997,28.3656,36.07,93,76,3.8
506,Ambilobe,MG,2022-01-27 17:19:07,-13.2,49.05,74.64,89,46,2.48
507,Honningsvag,NO,2022-01-27 17:19:07,70.9821,25.9704,26.35,80,0,13.8
508,Severo-Yeniseyskiy,RU,2022-01-27 17:19:07,60.3725,93.0408,-12.5,100,82,3.31
509,Mount Isa,AU,2022-01-27 17:19:07,-20.7333,139.5,76.77,83,100,8.05
510,San Quintin,MX,2022-01-27 17:14:32,30.4833,-115.95,61.5,47,85,1.48
511,Cabras,IT,2022-01-27 17:19:08,39.93,8.5314,48.07,83,16,2.3
512,Mnogovershinnyy,RU,2022-01-27 17:19:09,53.9353,139.9242,-17.66,97,42,3.8
513,Obo,CF,2022-01-27 17:19:09,5.3998,26.4869,81.48,22,72,5.37
514,Karasburg,NA,2022-01-27 17:19:09,-28.0167,18.75,95.18,15,29,13.82
515,Sola,VU,2022-01-27 17:19:10,-13.8833,167.55,81.12,81,100,20.92
516,Conceicao Da Barra,BR,2022-01-27 17:19:10,-18.5933,-39.7322,85.19,64,30,7.47
517,Asau,RO,2022-01-27 17:19:11,46.4333,26.4,34.72,91,95,7.02
518,Monte Carmelo,BR,2022-01-27 17:19:11,-18.7247,-47.4986,79.25,64,60,4.99
519,Kiruna,SE,2022-01-27 17:19:11,67.8557,20.2251,7.72,85,97,3.44
520,Niles,US,2022-01-27 17:19:12,42.0189,-87.8028,30.42,61,100,4.0
521,Cervia,IT,2022-01-27 17:19:12,44.2657,12.3427,46.92,87,75,2.3
522,Beringovskiy,RU,2022-01-27 17:19:12,63.05,179.3167,7.05,97,100,3.6
523,Le Port,RE,2022-01-27 17:19:13,-20.9373,55.2919,75.2,72,45,2.21
524,Vanimo,PG,2022-01-27 17:19:13,-2.6741,141.3028,77.81,88,100,1.81
525,Davila,PH,2022-01-27 17:19:13,18.4726,120.5763,77.5,83,47,4.14
526,Nhulunbuy,AU,2022-01-27 17:19:14,-12.2333,136.7667,83.01,83,40,12.66
527,Racale,IT,2022-01-27 17:19:14,39.9631,18.0938,52.25,68,88,9.48
528,Rosarito,MX,2022-01-27 17:19:15,32.3333,-117.0333,64.4,31,0,4.16
529,Galbshtadt,RU,2022-01-27 17:19:15,53.2264,78.9845,-7.01,100,95,6.8
530,Moose Factory,CA,2022-01-27 17:19:15,51.2585,-80.6094,-2.2,60,75,18.41
531,Pochinki,RU,2022-01-27 17:19:16,54.6988,44.8668,-1.75,100,81,5.28
532,Luderitz,NA,2022-01-27 17:19:16,-26.6481,15.1594,72.64,62,0,28.95
533,Baryatino,RU,2022-01-27 17:19:16,54.3121,34.521,17.02,94,99,11.12
534,Paracuru,BR,2022-01-27 17:19:17,-3.41,-39.0306,78.82,74,69,9.26
535,Chekhov,RU,2022-01-27 17:19:17,55.1431,37.4711,17.55,95,88,8.79
536,Berlevag,NO,2022-01-27 17:19:17,70.8578,29.0864,21.2,79,0,16.11
537,Waipawa,NZ,2022-01-27 17:19:18,-41.4122,175.5153,56.03,66,57,6.51
538,Cayenne,GF,2022-01-27 17:19:18,4.9333,-52.3333,75.24,88,75,4.61
539,Rawson,AR,2022-01-27 17:17:34,-43.3002,-65.1023,83.12,31,1,14.41
540,Gat,IL,2022-01-27 17:19:18,31.61,34.7642,47.79,100,67,9.95
541,Torrington,US,2022-01-27 17:19:19,41.8007,-73.1212,26.67,47,53,1.99
542,Ilhabela,BR,2022-01-27 17:19:19,-23.7781,-45.3581,88.03,60,11,8.19
543,Ahipara,NZ,2022-01-27 17:19:20,-35.1667,173.1667,58.62,89,4,7.11
544,Gritsovskiy,RU,2022-01-27 17:19:20,54.1376,38.1604,8.37,96,96,8.46
545,Great Falls,US,2022-01-27 17:18:25,47.5002,-111.3008,30.6,71,0,4.0
546,Ewo,CG,2022-01-27 17:20:21,-0.8725,14.8206,85.03,47,79,3.62
547,Sioux Lookout,CA,2022-01-27 17:20:21,50.1001,-91.917,-3.62,71,40,13.8
548,Mombaca,BR,2022-01-27 17:20:21,-5.7431,-39.6275,87.87,45,100,6.78
549,Jurado,CO,2022-01-27 17:16:07,7.1053,-77.7641,81.9,76,62,5.53
550,Bocas Del Toro,PA,2022-01-27 17:20:22,9.3333,-82.25,86.07,64,40,7.07
551,Ugoofaaru,MV,2022-01-27 17:20:23,5.6667,73.0,79.47,55,29,6.71
552,Tazovskiy,RU,2022-01-27 17:20:23,67.4667,78.7,4.06,92,100,13.47
553,Dudinka,RU,2022-01-27 17:20:23,69.4058,86.1778,0.79,95,100,23.64
554,Mareeba,AU,2022-01-27 17:20:24,-17.0,145.4333,73.44,96,100,1.36
555,Marawi,PH,2022-01-27 17:20:24,7.9986,124.2928,63.64,95,60,1.34
556,Itarema,BR,2022-01-27 17:20:24,-2.9248,-39.9167,84.56,60,98,12.28
557,Hobyo,SO,2022-01-27 17:20:25,5.3505,48.5268,77.22,70,75,18.66
558,Coihaique,CL,2022-01-27 17:20:25,-45.5752,-72.0662,84.81,26,0,5.75
559,Dongli,CN,2022-01-27 17:20:25,23.5656,116.8194,62.58,94,100,6.71
560,Tongren,CN,2022-01-27 17:20:26,27.7172,109.1853,35.47,95,100,4.47
561,Ahmadpur,IN,2022-01-27 17:20:26,18.7,76.9333,63.79,38,2,6.85
562,Helong,CN,2022-01-27 17:20:27,42.5397,128.9972,4.66,91,10,5.12
563,Kotaparh,IN,2022-01-27 17:20:27,19.15,82.35,57.7,40,10,6.69
564,Kavaratti,IN,2022-01-27 17:20:27,10.5669,72.642,78.8,69,60,7.47
565,Santa Maria,BR,2022-01-27 17:20:28,-29.6842,-53.8069,76.3,73,100,12.66
566,Lasa,IT,2022-01-27 17:20:28,46.6166,10.7002,49.46,54,99,7.09
567,Alibag,IN,2022-01-27 17:20:28,18.6411,72.8792,75.27,65,0,9.44
568,Chittur,IN,2022-01-27 17:20:29,10.7,76.75,81.95,66,88,8.12
569,Gezing,AT,2022-01-27 17:20:29,47.9178,13.1299,35.85,90,20,10.36
570,Eshowe,ZA,2022-01-27 17:20:29,-28.8865,31.4699,76.28,74,2,5.68
571,Chernyshevskiy,RU,2022-01-27 17:20:30,63.0128,112.4714,-14.48,98,100,5.44
572,Tessalit,ML,2022-01-27 17:20:30,20.1986,1.0114,74.95,12,59,11.25
573,Zhigansk,RU,2022-01-27 17:20:30,66.7697,123.3711,-26.77,100,78,5.82
574,Diamantino,BR,2022-01-27 17:20:31,-14.4086,-56.4461,84.45,66,85,7.2
575,Phonhong,LA,2022-01-27 17:20:31,18.5007,102.4166,72.07,56,85,3.11
576,Sotouboua,TG,2022-01-27 17:20:31,8.5667,0.9833,91.99,12,60,3.0
577,Changli,CN,2022-01-27 17:20:32,39.7042,119.1506,22.66,34,2,5.17
578,Houlton,US,2022-01-27 17:20:32,46.1262,-67.8403,7.72,47,0,8.05
